nombre,precio,calificacion,url,resena,fecha_extraccion
"AVA Resort Cancun - All Inclusive, Cancún",No disponible,8.2,https://www.trivago.com.mx/es-mx/odr/hoteles-mexico?search=200-24531396,No disponible,2025-09-10 13:42:47
Emporio Cancun,No disponible,8.5,https://www.trivago.com.mx/es-mx/odr/hoteles-mexico?search=200-100224,No disponible,2025-09-10 13:43:09
Grand Oasis Cancun - All Inclusive,No disponible,6.8,https://www.trivago.com.mx/es-mx/odr/hoteles-mexico?search=200-34410,No disponible,2025-09-10 13:43:32
Krystal Urban Cancun & Beach Club,No disponible,8,https://www.trivago.com.mx/es-mx/odr/hoteles-mexico?search=200-3515296,No disponible,2025-09-10 13:43:55
Grand Oasis Palm,No disponible,7.7,https://www.trivago.com.mx/es-mx/odr/hoteles-mexico?search=200-4243984,No disponible,2025-09-10 13:44:17
Excellence Playa Mujeres,No disponible,9.7,https://www.trivago.com.mx/es-mx/odr/hoteles-mexico?search=200-567766,No disponible,2025-09-10 13:44:40
Krystal Cancun,No disponible,8.1,https://www.trivago.com.mx/es-mx/odr/hoteles-mexico?search=200-100222,No disponible,2025-09-10 13:45:03
Hotel Riu Cancun,No disponible,8.5,https://www.trivago.com.mx/es-mx/odr/hoteles-mexico?search=200-32674,No disponible,2025-09-10 13:45:25
Occidental Tucancún,No disponible,8.2,https://www.trivago.com.mx/es-mx/odr/hoteles-mexico?search=200-34423,No disponible,2025-09-10 13:45:48
Flamingo Cancun All Inclusive,No disponible,7.3,https://www.trivago.com.mx/es-mx/odr/hoteles-mexico?search=200-34464,No disponible,2025-09-10 13:46:11
Hotel Riu Caribe,No disponible,8.8,https://www.trivago.com.mx/es-mx/odr/hoteles-mexico?search=200-32676,No disponible,2025-09-10 13:46:34
Grand Park Royal Cancun,No disponible,8.7,https://www.trivago.com.mx/es-mx/odr/hoteles-mexico?search=200-34417,No disponible,2025-09-10 13:46:57
The Villas Cancun by Grand Park Royal - All Inclusive,No disponible,9.1,https://www.trivago.com.mx/es-mx/odr/hoteles-mexico?search=200-4199460,No disponible,2025-09-10 13:47:19
Hard Rock Hotel Cancun,No disponible,8.9,https://www.trivago.com.mx/es-mx/odr/hoteles-mexico?search=200-34456,No disponible,2025-09-10 13:47:42
Temptation Cancun Resort - All Inclusive - Adults Only,No disponible,8.8,https://www.trivago.com.mx/es-mx/odr/hoteles-mexico?search=200-31745048,No disponible,2025-09-10 13:48:05
Hotel Riu Palace Peninsula,No disponible,8.9,https://www.trivago.com.mx/es-mx/odr/hoteles-mexico?search=200-2165018,No disponible,2025-09-10 13:48:27
Fiesta Americana Cancun Villas,No disponible,8.7,https://www.trivago.com.mx/es-mx/odr/hoteles-mexico?search=200-34435,No disponible,2025-09-10 13:48:50
Riu Palace Kukulkan - Adults Only - All Inclusive,No disponible,8.9,https://www.trivago.com.mx/es-mx/odr/hoteles-mexico?search=200-30286324,No disponible,2025-09-10 13:49:13
Hotel NYX Cancun,No disponible,8.7,https://www.trivago.com.mx/es-mx/odr/hoteles-mexico?search=200-100206,No disponible,2025-09-10 13:49:35
Crown Paradise Club Cancún,No disponible,8.2,https://www.trivago.com.mx/es-mx/odr/hoteles-mexico?search=200-42378,No disponible,2025-09-10 13:49:58
Secrets The Vine Cancun,No disponible,9.1,https://www.trivago.com.mx/es-mx/odr/hoteles-mexico?search=200-2179546,No disponible,2025-09-10 13:50:21
The Tower By Temptation Cancun Resort - All Inclusive - Adults Only,No disponible,9.5,https://www.trivago.com.mx/es-mx/odr/hoteles-mexico?search=200-34449,No disponible,2025-09-10 13:50:44
Hotel Riu Palace Las Americas,No disponible,9,https://www.trivago.com.mx/es-mx/odr/hoteles-mexico?search=200-32686,No disponible,2025-09-10 13:51:07
Cancun Plaza Condo Hotel,No disponible,7.5,https://www.trivago.com.mx/es-mx/odr/hoteles-mexico?search=200-15154910,No disponible,2025-09-10 13:51:29
Royal Solaris Cancun,No disponible,8.5,https://www.trivago.com.mx/es-mx/odr/hoteles-mexico?search=200-34474,No disponible,2025-09-10 13:51:52
Live Aqua Beach Resort Cancun,No disponible,9.3,https://www.trivago.com.mx/es-mx/odr/hoteles-mexico?search=200-749911,No disponible,2025-09-10 13:52:14
Occidental Costa Cancun,No disponible,8.3,https://www.trivago.com.mx/es-mx/odr/hoteles-mexico?search=200-152154,No disponible,2025-09-10 13:52:37
Krystal Grand Cancun All Inclusive,No disponible,8.2,https://www.trivago.com.mx/es-mx/odr/hoteles-mexico?search=200-34432,No disponible,2025-09-10 13:53:00
Breathless Cancun Soul Resort & Spa - Adults Only - All Inclusive,No disponible,8.5,https://www.trivago.com.mx/es-mx/odr/hoteles-mexico?search=200-25457352,No disponible,2025-09-10 13:53:22
Intercontinental Hotels Presidente Cancun Resort By Ihg,No disponible,8.8,https://www.trivago.com.mx/es-mx/odr/hoteles-mexico?search=200-34431,No disponible,2025-09-10 13:53:45
Wyndham Grand Cancun All Inclusive Resort & Villas,No disponible,8.6,https://www.trivago.com.mx/es-mx/odr/hoteles-mexico?search=200-42750,No disponible,2025-09-10 13:54:08
GR Solaris Cancun,No disponible,8.5,https://www.trivago.com.mx/es-mx/odr/hoteles-mexico?search=200-42459,No disponible,2025-09-10 13:54:30
Golden Parnassus,No disponible,7.8,https://www.trivago.com.mx/es-mx/odr/hoteles-mexico?search=200-42475,No disponible,2025-09-10 13:54:53
Meliá Casa Maya Cancún All Inclusive,No disponible,7.9,https://www.trivago.com.mx/es-mx/odr/hoteles-mexico?search=200-12386428,No disponible,2025-09-10 13:55:15
Sunset Marina Resort & Yacht Club,No disponible,8.7,https://www.trivago.com.mx/es-mx/odr/hoteles-mexico?search=200-34478,No disponible,2025-09-10 13:55:38
